[
  {
    "title": "Student Performance Prediction System",
    "desc": "Predict student outcomes with ML (85% accuracy).",
    "tags": [
      "Python",
      "Scikit-learn",
      "Pandas"
    ],
    "github": "#",
    "demo": "#"
  },
  {
    "title": "Personal Portfolio Website",
    "desc": "Creative React + Tailwind portfolio with animations.",
    "tags": [
      "React",
      "Tailwind",
      "Vite"
    ],
    "github": "#",
    "demo": "#"
  },
  {
    "title": "Healthcare Chatbot",
    "desc": "ML-powered symptom triage and guidance.",
    "tags": [
      "Flask",
      "NLP"
    ],
    "github": "#",
    "demo": "#"
  }
]