{
  "name": "SHREYASH \u00b7 R \u00b7 BHAMLE",
  "roleCycle": [
    "SOFTWARE ENGINEER",
    "ML ENTHUSIAST",
    "CLOUD LEARNER"
  ],
  "summary": "Final-year B.Tech student building delightful, performant apps with React, ML, and cloud.",
  "email": "shreyashbhamle15@gmail.com",
  "github": "https://github.com/shreyashbhamle",
  "linkedin": "https://linkedin.com/in/shreyashbhamle",
  "resume": "/resume.pdf",
  "skills": {
    "Languages": {
      "Java": 80,
      "Python": 85,
      "SQL": 70,
      "JavaScript": 78
    },
    "Frameworks": {
      "React": 85,
      "Tailwind": 80,
      "Flask": 65
    },
    "ML": {
      "Pandas": 85,
      "NumPy": 80,
      "Scikit-learn": 78
    },
    "Tools": {
      "Git": 85,
      "VS Code": 90,
      "Jupyter": 80,
      "Postman": 70
    }
  },
  "certifications": [
    {
      "title": "AWS Solutions Architecture Job Simulation \u2014 Forage",
      "date": "Jul 2025"
    },
    {
      "title": "Cybersecurity Job Simulation \u2014 Deloitte (Forage)",
      "date": "Jul 2025"
    },
    {
      "title": "Web Development Training \u2014 Internshala",
      "date": "Apr 2024"
    }
  ]
}